id,title,author_id,publication_year,genre,plot_summary,literary_significance,created_at,updated_at,attribution_notes
268,About Mrs. Leslie,53,1950,,,,2025-06-17T03:48:03.914138,2025-06-20T21:03:00.642892,
228,Above Suspicion,79,1941,,,,2025-06-17T03:48:03.914138,2025-06-17T03:48:03.914138,
304,A Bride for Henry,116,1937,,,,2025-06-18T15:14:46.134706,2025-06-20T23:48:19.757038,
187,"""A Chance at Heaven""",53,1932,,,,2025-06-17T03:48:03.914138,2025-06-17T03:48:03.914138,
151,Adios!,54,1929,,,,2025-06-17T03:48:03.914138,2025-06-20T22:18:16.567552,co-writer Lanier Bartlett
23,A Fair Barbarian,3,1880,,,,2025-06-17T03:48:03.914138,2025-06-20T21:03:01.104834,
168,A Free Soul,43,1927,,,,2025-06-17T03:48:03.914138,2025-06-17T03:48:03.914138,
284,After Midnight,108,1948,,,,2025-06-18T03:52:53.654745,2025-06-20T21:02:55.923828,
99,A Girl of the Limberlost,12,1909,,,,2025-06-17T03:48:03.914138,2025-06-17T03:48:03.914138,
219,"""A Girl's Best Friend is Wall Street""",73,1938,,,,2025-06-17T03:48:03.914138,2025-06-20T23:00:36.2093,
4,A Lady of Quality,3,1896,,,,2025-06-17T03:48:03.914138,2025-06-17T03:48:03.914138,
104,A Lost Lady,42,1923,,,,2025-06-17T03:48:03.914138,2025-06-17T03:48:03.914138,
467,A Man Without Friends,207,,,,,2025-06-24T13:53:51.524793,2025-06-24T13:53:51.524793,
88,A Modern Madonna,37,1906,,,,2025-06-17T03:48:03.914138,2025-06-17T03:48:03.914138,
22,An Alabaster Box,15,1917,,,,2025-06-17T03:48:03.914138,2025-06-17T03:48:03.914138,
246,An Apartment for Jenny,57,1947,,,,2025-06-17T03:48:03.914138,2025-06-20T23:17:33.531252,
176,"""Angie, Uptown Woman""",53,1929,,,,2025-06-17T03:48:03.914138,2025-06-20T22:22:35.23774,
209,"""Angle Shooter""",43,1937,,,,2025-06-17T03:48:03.914138,2025-06-17T03:48:03.914138,
247,An Old Fashioned Girl,28,1902,,,,2025-06-17T03:48:03.914138,2025-06-20T21:03:00.575125,
45,a novel?,7,,,,,2025-06-17T03:48:03.914138,2025-06-17T03:48:03.914138,
129,A Poor Girl's Romance,50,,,,,2025-06-17T03:48:03.914138,2025-06-17T03:48:03.914138,
338,Applause,140,1928,,,,2025-06-18T15:43:15.817523,2025-06-20T21:02:57.948996,
416,A Question of Honor,180,1920,,,,2025-06-19T19:50:32.852914,2025-06-21T00:21:49.947526,
114,"""Are Parents People?""",24,1923,,,,2025-06-17T03:48:03.914138,2025-06-17T03:48:03.914138,
10,A Romance of Billy-Goat Hill,5,1912,,,,2025-06-17T03:48:03.914138,2025-06-17T03:48:03.914138,
137,"""A Runaway Enchantress""",51,1926,,,,2025-06-17T03:48:03.914138,2025-06-17T03:48:03.914138,
28,A Son of the Hills,8,1913,,,,2025-06-17T03:48:03.914138,2025-06-17T03:48:03.914138,
229,Assignment in Brittainy,79,1942,,,,2025-06-17T03:48:03.914138,2025-06-20T23:11:03.816409,
385,As the Earth Turns,160,1933,,,,2025-06-19T18:05:29.54376,2025-06-20T21:03:01.498048,
456,a story,57,,,,,2025-06-23T03:32:50.457701,2025-06-23T03:32:50.457701,
236,A Tree Grows in Brooklyn,83,1943,,,,2025-06-17T03:48:03.914138,2025-06-17T03:48:03.914138,
204,"""August Week-end""",57,1933,,,,2025-06-17T03:48:03.914138,2025-06-20T22:45:56.209309,
320,Avalanche,127,1944,,,,2025-06-18T15:29:55.383082,2025-06-20T21:02:57.202034,
83,A Woman's Woman,21,1920,,,,2025-06-17T03:48:03.914138,2025-06-17T03:48:03.914138,
87,"""Back Pay""",25,1922,,,,2025-06-17T03:48:03.914138,2025-06-17T03:48:03.914138,
185,Back Street,25,1931,,,,2025-06-17T03:48:03.914138,2025-06-17T03:48:03.914138,
441,Bad Boy,53,,,,,2025-06-23T01:09:40.491456,2025-06-23T01:09:40.491456,
162,Bad Girl,53,1928,,,,2025-06-17T03:48:03.914138,2025-06-17T03:48:03.914138,
339,Ballyhoo,140,1927,,,,2025-06-18T15:43:15.817523,2025-06-20T21:03:01.022848,
372,Barter,41,1917,,,,2025-06-19T17:59:57.574093,2025-06-21T00:07:07.646918,
163,Basquerie,20,1927,,,,2025-06-17T03:48:03.914138,2025-06-20T21:02:54.157953,
175,Beauty,57,1933,,,,2025-06-17T03:48:03.914138,2025-06-17T03:48:03.914138,
89,"""Beauty's Worth""",38,1920,,,,2025-06-17T03:48:03.914138,2025-06-17T03:48:03.914138,
379,Belles on their Toes,155,1950,,,,2025-06-19T18:02:42.918718,2025-06-21T00:10:29.094183,"co-writer Frank B. Gilbreath, Jr."
424,Belvedere,187,,,,,2025-06-23T00:56:46.4497,2025-06-23T00:56:46.4497,
296,Berlin Hotel,113,1947,,,,2025-06-18T15:10:00.31105,2025-06-20T21:02:56.290917,
186,Big Executive,24,1933,,,,2025-06-17T03:48:03.914138,2025-06-17T03:48:03.914138,
297,Big Shot,113,1936,,,,2025-06-18T15:10:00.31105,2025-06-20T23:46:37.983342,
94,Black Oxen,16,1923,,,,2025-06-17T03:48:03.914138,2025-06-20T22:05:03.75183,
206,"""Bless Their Hearts""",60,1936,,,,2025-06-17T03:48:03.914138,2025-06-20T22:46:46.743116,
337,Bobbed Hair,139,1925,,,,2025-06-18T15:41:44.388727,2025-06-20T23:57:33.198943,"group novel co-written by Elsie Janis, Sophie Kerr, Dorothy Parker, and Carolyn Wells and Robert Gordon Anderson, Louis Bromfield, George Agnew Chamberlain, Frank Craven, Rube Goldberg, Wallace Irwin, George Barr McCutcheon, Meade Minnigerode, Gerald Mygatt, George Palmer Putnam, Kermit Roosevelt, Edward Streeter, John V. A. Weaver, H. C. Witwer, and Alexander Woollcott"
138,"""Body and Soul""",32,1919,,,,2025-06-17T03:48:03.914138,2025-06-17T03:48:03.914138,
267,Bowery to Bellvue,99,1950,,,,2025-06-17T03:48:03.914138,2025-06-20T23:24:56.197037,
442,Bracelets,53,,,,,2025-06-23T01:09:40.491456,2025-06-23T01:09:40.491456,
195,"""Bread Upon the Waters""",22,1934,,,,2025-06-17T03:48:03.914138,2025-06-20T22:41:15.38271,
211,"""Bringing Up Baby""",69,1937,,,,2025-06-17T03:48:03.914138,2025-06-17T03:48:03.914138,
358,Broadway Virgin,148,1931,,,,2025-06-18T16:22:28.055539,2025-06-20T21:02:58.400175,
107,"""Broken Laws""",43,,,,,2025-06-17T03:48:03.914138,2025-06-17T03:48:03.914138,
156,Brook Evans,58,1928,,,,2025-06-17T03:48:03.914138,2025-06-20T21:02:53.82928,
273,But Gentlemen Marry Brunettes,52,1927,,,,2025-06-17T03:48:03.914138,2025-06-17T03:48:03.914138,
62,Calderon's Prisoner,24,1903,,,,2025-06-17T03:48:03.914138,2025-06-17T03:48:03.914138,
32,Calvary Alley,5,1917,,,,2025-06-17T03:48:03.914138,2025-06-17T03:48:03.914138,
454,Candy Takes a Job,201,,,,,2025-06-23T01:18:01.662428,2025-06-23T01:18:01.662428,
473,Carolyn of the Corners,212,,,,,2025-06-24T13:57:18.128343,2025-06-24T13:57:18.128343,
380,Cheaper by the Dozen,155,1948,,,,2025-06-19T18:02:42.918718,2025-06-20T21:03:02.071586,"co-writer Frank B. Gilbreath, Jr."
207,Chicago After Midnight,68,,,,,2025-06-17T03:48:03.914138,2025-06-17T03:48:03.914138,
115,Chickie,46,1925,,,,2025-06-17T03:48:03.914138,2025-06-17T03:48:03.914138,
384,Children of the Covered Wagon: A Story of the Old Oregon Trail,159,1934,,,,2025-06-19T18:05:02.581007,2025-06-21T00:11:14.397102,
353,China Sky,146,1945,,,,2025-06-18T16:21:09.473982,2025-06-20T21:02:58.33305,
319,Chip of the Flying V,33,1906,,,,2025-06-18T15:29:15.04904,2025-06-20T23:51:13.637547,
165,Cimarron,40,1929,,,,2025-06-17T03:48:03.914138,2025-06-17T03:48:03.914138,
79,Cinderella Jane,29,1917,,,,2025-06-17T03:48:03.914138,2025-06-17T03:48:03.914138,
349,Class,144,,,,,2025-06-18T15:49:36.7694,2025-06-18T15:49:36.7694,
230,Claudia,80,1942,,,,2025-06-17T03:48:03.914138,2025-06-20T21:02:54.86758,
239,Claudia and David,80,1940,,,,2025-06-17T03:48:03.914138,2025-06-20T21:02:55.157061,
244,Clementine,87,1948,,,,2025-06-17T03:48:03.914138,2025-06-20T21:02:55.234901,
430,Come Be My Love,190,,,,,2025-06-23T01:00:08.016887,2025-06-23T01:00:08.016887,
150,Come Out of the Kitchen,24,1916,,,,2025-06-17T03:48:03.914138,2025-06-17T03:48:03.914138,
49,Come Out of the Kitchen!,24,1916,,,,2025-06-17T03:48:03.914138,2025-06-17T03:48:03.914138,
210,Comet Over Broadway,57,1938,,,,2025-06-17T03:48:03.914138,2025-06-20T21:02:54.705472,
24,Continuation of Tess of the Storm Country,4,1909,,,,2025-06-17T03:48:03.914138,2025-06-17T03:48:03.914138,
270,Cry Copper,101,,,,,2025-06-17T03:48:03.914138,2025-06-17T03:48:03.914138,
381,Cry Wolf,156,1945,,,,2025-06-19T18:03:20.042152,2025-06-20T21:02:58.842515,
170,Daddy-Long_legs,27,1912,,,,2025-06-17T03:48:03.914138,2025-06-17T03:48:03.914138,
50,Daddy-Long-Legs,27,1912,,,,2025-06-17T03:48:03.914138,2025-06-17T03:48:03.914138,
443,Dance Hall,53,,,,,2025-06-23T01:09:40.491456,2025-06-23T01:09:40.491456,
172,Dance Team,60,1931,,,,2025-06-17T03:48:03.914138,2025-06-20T22:21:41.447723,
468,Dancing Feet,208,,,,,2025-06-24T13:55:08.519506,2025-06-24T13:55:08.519506,"co-writer Robert F. Burkhardt, writing together as Rob Eden"
422,Dangerous Number,186,,,,,2025-06-23T00:55:14.63533,2025-06-23T00:55:14.63533,
404,Dark Waters,171,1944,,,,2025-06-19T19:38:54.256106,2025-06-20T21:02:59.437698,co-writer Frank Cockrell
459,Dead Yesterday,205,,,,,2025-06-24T13:52:38.20728,2025-06-24T13:52:38.20728,
423,Diane of the Green Van,186,,,,,2025-06-23T00:55:14.63533,2025-06-23T00:55:14.63533,
354,Dragon Seed,146,1942,,,,2025-06-18T16:21:09.473982,2025-06-20T21:03:00.78776,
410,Drusilla with a Million,175,1916,,,,2025-06-19T19:43:36.932623,2025-06-21T00:20:07.967737,
279,"Dumbo, the Flying Elephant",106,1939,,,,2025-06-18T03:42:40.659521,2025-06-20T23:27:52.805762,co-writer Harold Pearl
425,"East Side, West Side",188,,,,,2025-06-23T00:58:01.182186,2025-06-23T00:58:01.182186,
101,Editha's Burglar,3,1878,,,,2025-06-17T03:48:03.914138,2025-06-20T22:09:15.002892,
102,"""Empty Hearts""",41,1924,,,,2025-06-17T03:48:03.914138,2025-06-20T22:09:54.416149,
212,"""Enemy Territory""",70,1937,,,,2025-06-17T03:48:03.914138,2025-06-20T22:51:00.049852,
387,"Enrico Caruso, His Life and Death",162,1945,,,,2025-06-19T18:06:50.215567,2025-06-21T00:13:40.406241,
361,Esmerelda,3,,,,,2025-06-18T16:26:19.495342,2025-06-18T16:26:19.495342,
383,Experiment Perilous,158,1943,,,,2025-06-19T18:04:20.414331,2025-06-20T21:02:58.985195,
153,Ex-Wife,56,1929,,,,2025-06-17T03:48:03.914138,2025-06-20T21:02:53.521386,
447,Family Skeleton,198,,,,,2025-06-23T01:13:22.582533,2025-06-23T01:13:22.582533,
109,Feet of Clay,44,1923,,,,2025-06-17T03:48:03.914138,2025-06-17T03:48:03.914138,
192,"""Fifty-Two Weeks for Florette""",39,1921,,,,2025-06-17T03:48:03.914138,2025-06-20T22:40:27.383757,
169,Five and Ten,25,1929,,,,2025-06-17T03:48:03.914138,2025-06-17T03:48:03.914138,
439,Flaming Ramparts,197,,,,,2025-06-23T01:06:39.716875,2025-06-23T01:06:39.716875,
126,Footloose,49,1926,,,,2025-06-17T03:48:03.914138,2025-06-17T03:48:03.914138,
19,Freckles,12,1904,,,,2025-06-17T03:48:03.914138,2025-06-17T03:48:03.914138,
222,Freckles Comes Home,74,1929,,,,2025-06-17T03:48:03.914138,2025-06-20T21:02:59.895926,
215,"""Free Woman""",63,1936,,,,2025-06-17T03:48:03.914138,2025-06-20T22:56:18.118547,
314,Frequently Martha,35,,,,,2025-06-18T15:25:57.227261,2025-06-18T15:25:57.227261,
450,Friends in the End,199,,,,,2025-06-23T01:15:47.859857,2025-06-23T01:15:47.859857,
460,From This Dark Stairway,205,,,,,2025-06-24T13:52:38.20728,2025-06-24T13:52:38.20728,
448,Fugitive Lady,198,,,,,2025-06-23T01:13:22.582533,2025-06-23T01:13:22.582533,
388,Gardenia,59,,,,,2025-06-19T18:08:48.946603,2025-06-19T18:08:48.946603,
140,Gentlemen Prefer Blondes,52,1925,,,,2025-06-17T03:48:03.914138,2025-06-17T03:48:03.914138,
275,Giant,40,1952,,,,2025-06-17T03:48:03.914138,2025-06-17T03:48:03.914138,
166,"""Girls Together""",48,1931,,,,2025-06-17T03:48:03.914138,2025-06-17T03:48:03.914138,
148,"""Give the Little Girl a Hand""",25,1928,,,,2025-06-17T03:48:03.914138,2025-06-17T03:48:03.914138,
344,Glitter,63,1926,,,,2025-06-18T15:48:54.473886,2025-06-20T21:03:00.420326,
42,"""Golden Fleece""",25,1917,,,,2025-06-17T03:48:03.914138,2025-06-17T03:48:03.914138,
216,Gone With the Wind,72,1936,,,,2025-06-17T03:48:03.914138,2025-06-20T22:57:13.80788,
262,"""Goodbye, My Fancy""",97,1948,,,,2025-06-17T03:48:03.914138,2025-06-20T23:23:27.459719,
234,"""Government Girl""",43,1943,,,,2025-06-17T03:48:03.914138,2025-06-17T03:48:03.914138,
198,Gowns By Roberta,24,1933,,,,2025-06-17T03:48:03.914138,2025-06-17T03:48:03.914138,
298,Grand Hotel,113,1930,,,,2025-06-18T15:10:00.31105,2025-06-20T21:03:00.71624,
371,Green Dice,153,1926,,,,2025-06-19T17:58:28.971685,2025-06-21T00:06:33.267955,
248,Greyfriars Bobby,89,1912,,,,2025-06-17T03:48:03.914138,2025-06-20T21:02:55.313073,
461,Hasty Wedding,205,,,,,2025-06-24T13:52:38.20728,2025-06-24T13:52:38.20728,
235,Having Wonderful Crime,82,1943,,,,2025-06-17T03:48:03.914138,2025-06-20T23:11:36.407123,
470,Hearts and Hands,209,,,,,2025-06-24T13:55:34.56611,2025-06-24T13:55:34.56611,
367,Heart's Haven,150,1918,,,,2025-06-18T16:27:58.223446,2025-06-20T21:02:58.770188,
59,Her Elephant Man,31,1919,,,,2025-06-17T03:48:03.914138,2025-06-17T03:48:03.914138,
218,Her Father's Daughter,12,1921,,,,2025-06-17T03:48:03.914138,2025-06-17T03:48:03.914138,
46,"""Her Fling""",26,,,,,2025-06-17T03:48:03.914138,2025-06-17T03:48:03.914138,
342,Highway to Romance,143,1937,,,,2025-06-18T15:47:20.886278,2025-06-20T21:02:58.167236,
58,His Harvest,31,1915,,,,2025-06-17T03:48:03.914138,2025-06-20T21:02:52.828654,
451,His Robe of Honor,200,,,,,2025-06-23T01:17:15.436258,2025-06-23T01:17:15.436258,co-writer James Dorrance
295,Home Before Dark,112,1957,,,,2025-06-18T15:06:54.792491,2025-06-20T21:02:56.209733,
238,Home Sweet Homicide,82,1944,,,,2025-06-17T03:48:03.914138,2025-06-20T21:02:55.085034,
136,"""Honeymoon Hate""",7,1931,,,,2025-06-17T03:48:03.914138,2025-06-20T21:02:53.353991,
325,How Could You Jean?,130,1917,,,,2025-06-18T15:33:21.785013,2025-06-20T21:03:00.341332,
60,Humoresque,25,1919,,,,2025-06-17T03:48:03.914138,2025-06-17T03:48:03.914138,
82,Hungry Hearts,36,1920,,,,2025-06-17T03:48:03.914138,2025-06-17T03:48:03.914138,
469,I Demand Payment,208,,,,,2025-06-24T13:55:08.519506,2025-06-24T13:55:08.519506,"co-writer Robert F. Burkhardt, writing together as Rob Eden"
436,If a Woman Will,196,,,,,2025-06-23T01:04:47.210496,2025-06-23T01:04:47.210496,
173,I Jerry Take Thee Joan,61,1931,,,,2025-06-17T03:48:03.914138,2025-06-17T03:48:03.914138,
370,I'll Tell My Husband,151,1938,,,,2025-06-18T16:28:33.097086,2025-06-21T00:05:54.883101,
191,Imitation of Life,25,1933,,,,2025-06-17T03:48:03.914138,2025-06-17T03:48:03.914138,
258,In A Lonely Place,78,1947,,,,2025-06-17T03:48:03.914138,2025-06-20T23:21:36.930131,
224,In This Our Life,76,1941,,,,2025-06-17T03:48:03.914138,2025-06-17T03:48:03.914138,
324,I Passed for White,129,1955,,,,2025-06-18T15:32:15.721667,2025-06-20T21:02:57.347732,co-writer Reba Lee
305,Janie,116,1940,,,,2025-06-18T15:15:20.753962,2025-06-20T21:02:56.673473,
368,Jewel: A Chapter in Her Life,150,1903,,,,2025-06-18T16:27:58.223446,2025-06-20T21:03:00.045227,
332,Jubilee Trail,136,1950,,,,2025-06-18T15:37:36.359624,2025-06-20T23:55:58.499454,
18,Judith of the Cumberlands,11,1908,,,,2025-06-17T03:48:03.914138,2025-06-17T03:48:03.914138,
61,Judy of Rogue's Harbor,4,1918,,,,2025-06-17T03:48:03.914138,2025-06-17T03:48:03.914138,
302,Junior Miss,115,1941,,,,2025-06-18T15:13:51.431464,2025-06-20T21:02:56.521769,
75,"""Just Around the Corner""",25,1914,,,,2025-06-17T03:48:03.914138,2025-06-17T03:48:03.914138,
31,"""Kildares of Storm""",20,1916,,,,2025-06-17T03:48:03.914138,2025-06-17T03:48:03.914138,
120,Laddie,12,1913,,,,2025-06-17T03:48:03.914138,2025-06-17T03:48:03.914138,
72,Ladies Must Live,24,1917,,,,2025-06-17T03:48:03.914138,2025-06-17T03:48:03.914138,
232,Laura,59,1943,,,,2025-06-17T03:48:03.914138,2025-06-23T14:46:51.9904,
40,Less Than Kin,24,1909,,,,2025-06-17T03:48:03.914138,2025-06-17T03:48:03.914138,
477,Limousine Life,216,,,,,2025-06-24T13:59:22.265591,2025-06-24T13:59:22.265591,
280,Little Eve Edgarton,107,1914,,,,2025-06-18T03:45:28.419856,2025-06-20T23:28:25.613804,
73,Little Lord Fauntleroy,3,1886,,,,2025-06-17T03:48:03.914138,2025-06-20T22:04:43.911945,
336,Little Lost Sister,138,1914,,,,2025-06-18T15:38:57.224634,2025-06-20T21:02:57.871773,
193,Little Men,28,1872,,,,2025-06-17T03:48:03.914138,2025-06-20T21:02:54.556685,
51,Little Women,28,1868,,,,2025-06-17T03:48:03.914138,2025-06-20T22:02:18.333288,
434,Living Up to Lizzie,194,,,,,2025-06-23T01:03:22.511094,2025-06-23T01:03:22.511094,
92,Long Live the King,6,1917,,,,2025-06-17T03:48:03.914138,2025-06-20T21:03:00.263152,
412,Looking for Trouble,178,1941,,,,2025-06-19T19:45:00.034851,2025-06-21T00:21:07.791901,
11,Lord Loveland Discovers America,7,1910,,,,2025-06-17T03:48:03.914138,2025-06-20T19:38:47.767481,"credited to C.N. & A.M. Williamson, pseud of Alice Muriel Williamson"
161,Lost Ecstasy,6,1927,,,,2025-06-17T03:48:03.914138,2025-06-20T21:02:54.077529,
363,Louisiana,3,1880,,,,2025-06-18T16:26:19.495342,2025-06-20T21:02:58.538994,
181,"""Love Affair""",56,1930,,,,2025-06-17T03:48:03.914138,2025-06-20T22:27:32.090779,
135,"""Love O' Women""",43,1926,,,,2025-06-17T03:48:03.914138,2025-06-17T03:48:03.914138,
121,Lovey Mary,5,1903,,,,2025-06-17T03:48:03.914138,2025-06-17T03:48:03.914138,
158,Lummox,25,1924,,,,2025-06-17T03:48:03.914138,2025-06-20T21:02:53.992176,
418,Madam Curie,182,1938,,,,2025-06-19T19:51:56.286954,2025-06-20T21:03:01.971115,
47,Madelon of the Redwoods,15,1896,,,,2025-06-17T03:48:03.914138,2025-06-17T03:48:03.914138,
345,"""Maid of Honor""",63,1932,,,,2025-06-18T15:48:54.473886,2025-06-21T00:00:17.464221,
245,Mama's Bank Account,88,1934,,,,2025-06-17T03:48:03.914138,2025-06-17T03:48:03.914138,
78,Mam'selle Jo,8,1918,,,,2025-06-17T03:48:03.914138,2025-06-17T03:48:03.914138,
124,Mannequin,25,1926,,,,2025-06-17T03:48:03.914138,2025-06-17T03:48:03.914138,
346,Mannequin,63,,,,,2025-06-18T15:48:54.473886,2025-06-18T15:48:54.473886,
259,"""Man on the Run""",95,1948,,,,2025-06-17T03:48:03.914138,2025-06-17T03:48:03.914138,
85,Manslaughter,24,1921,,,,2025-06-17T03:48:03.914138,2025-06-17T03:48:03.914138,
233,Marriage is a Private Affair,81,1941,,,,2025-06-17T03:48:03.914138,2025-06-20T21:02:55.014203,
128,Married?,29,1926,,,,2025-06-17T03:48:03.914138,2025-06-17T03:48:03.914138,
80,Mary Cary,35,1910,,,,2025-06-17T03:48:03.914138,2025-06-17T03:48:03.914138,
303,Meet Me in St. Louis,115,1945,,,,2025-06-18T15:13:51.431464,2025-06-20T21:02:56.594528,
328,Memory of Love,133,1934,,,,2025-06-18T15:34:33.795519,2025-06-20T21:02:57.507028,
214,Men Are Such Fools,57,1936,,,,2025-06-17T03:48:03.914138,2025-06-20T22:51:59.967308,
91,Michael O'Halloran,12,1915,,,,2025-06-17T03:48:03.914138,2025-06-17T03:48:03.914138,
265,Mischief,85,1951,,,,2025-06-17T03:48:03.914138,2025-06-17T03:48:03.914138,
407,Miss Aesop Butters Her Bread,172,,,,,2025-06-19T19:40:21.503879,2025-06-19T19:40:21.503879,co-writer William Joyce
63,"""Miss Antique""",21,1919,,,,2025-06-17T03:48:03.914138,2025-06-17T03:48:03.914138,
221,Miss Bishop,55,1933,,,,2025-06-17T03:48:03.914138,2025-06-17T03:48:03.914138,
307,Missing Men,118,1932,,,,2025-06-18T15:17:04.567924,2025-06-20T21:02:56.742563,co-writer John H. Ayers
71,Miss Lulu Bett,34,1920,,,,2025-06-17T03:48:03.914138,2025-06-20T21:02:52.981359,
313,Miss Maitland Private Secretary,123,1919,,,,2025-06-18T15:24:11.745418,2025-06-20T21:02:59.967517,
220,Miss Pinkerton,6,1932,,,,2025-06-17T03:48:03.914138,2025-06-20T21:02:54.78438,
281,Molly Make-Believe,107,1910,,,,2025-06-18T03:45:28.419856,2025-06-20T21:02:55.777519,
299,Mortgage on Life,113,1946,,,,2025-06-18T15:10:00.31105,2025-06-20T21:02:56.36959,
382,Mother's Cry,157,1930,,,,2025-06-19T18:03:45.024212,2025-06-20T21:02:58.91362,
308,"Mother, Sir!",120,1953,,,,2025-06-18T15:18:22.364147,2025-06-20T23:49:31.52783,
397,Mountain Madness,166,1917,,,,2025-06-19T19:32:27.509979,2025-06-20T21:02:59.301846,
251,Mountain Prelude,84,1947,,,,2025-06-17T03:48:03.914138,2025-06-17T03:48:03.914138,
226,"""Mr. and Mrs. Cugat, Record of a Happy Marriage""",77,1941,,,,2025-06-17T03:48:03.914138,2025-06-20T23:06:57.760353,
26,Mr. Opp,5,1909,,,,2025-06-17T03:48:03.914138,2025-06-17T03:48:03.914138,
25,Mrs. Balfame,16,1916,,,,2025-06-17T03:48:03.914138,2025-06-17T03:48:03.914138,
6,Mrs. Wiggs of the Cabbage Patch,5,1901,,,,2025-06-17T03:48:03.914138,2025-06-17T03:48:03.914138,
462,Murder by an Aristocrat,205,,,,,2025-06-24T13:52:38.20728,2025-06-24T13:52:38.20728,
167,Music in the Street,59,1930,,,,2025-06-17T03:48:03.914138,2025-06-17T03:48:03.914138,
391,My Husband,163,1919,,,,2025-06-19T18:09:55.017203,2025-06-20T21:02:59.062303,
392,My Memories of Vernon Castle,163,1919,,,,2025-06-19T18:09:55.017203,2025-06-21T00:15:53.174326,
119,My Wife and I,2,1871,,,,2025-06-17T03:48:03.914138,2025-06-17T03:48:03.914138,
413,Navy Born,48,,,,,2025-06-19T19:46:43.339392,2025-06-19T19:46:43.339392,
203,Next Time We Live,56,1935,,,,2025-06-17T03:48:03.914138,2025-06-20T22:45:29.541421,
179,Night Bell,25,,,,,2025-06-17T03:48:03.914138,2025-06-17T03:48:03.914138,
347,Night Club,63,,,,,2025-06-18T15:48:54.473886,2025-06-18T15:48:54.473886,
373,Nobody's Bride,41,,,,,2025-06-19T17:59:57.574093,2025-06-19T17:59:57.574093,
225,"Now, Voyager",45,1941,,,,2025-06-17T03:48:03.914138,2025-06-20T23:05:04.234501,
52,"""Oats for the Woman""",25,1917,,,,2025-06-17T03:48:03.914138,2025-06-17T03:48:03.914138,
390,Odd Thursday,59,,,,,2025-06-19T18:08:48.946603,2025-06-19T18:08:48.946603,
282,Old Dad,107,1919,,,,2025-06-18T03:45:28.419856,2025-06-20T23:29:17.819245,
260,"""Once Upon a Train (The Loco Motive)""",82,1950,,,,2025-06-17T03:48:03.914138,2025-06-20T23:22:39.681606,co-writer Stuart Palmer
310,One Hour Late,122,,,,,2025-06-18T15:23:08.427358,2025-06-18T15:23:08.427358,
429,Out of a Clear Sky,189,,,,,2025-06-23T00:59:23.907005,2025-06-23T00:59:23.907005,
34,Patience Sparhawk and Her Times,16,1897,,,,2025-06-17T03:48:03.914138,2025-06-17T03:48:03.914138,
116,Peacock Feathers,47,1924,,,,2025-06-17T03:48:03.914138,2025-06-17T03:48:03.914138,
326,Pegeen,130,1915,,,,2025-06-18T15:33:21.785013,2025-06-20T21:02:57.435525,
399,Penny Serenade,167,1940,,,,2025-06-19T19:33:08.044763,2025-06-21T00:18:04.137409,
188,"""Pick-Up""",53,1928,,,,2025-06-17T03:48:03.914138,2025-06-20T22:38:46.577766,
311,Pin-Up Girl,122,1943,,,,2025-06-18T15:23:08.427358,2025-06-20T21:02:56.820614,
445,Playing Dead,53,,,,,2025-06-23T01:09:40.491456,2025-06-23T01:09:40.491456,
395,Playing with Souls: A Novel,165,1922,,,,2025-06-19T19:31:03.103892,2025-06-21T00:17:11.24388,
291,Portia on Trial,57,1937,,,,2025-06-18T14:21:28.040821,2025-06-20T21:02:55.995027,
189,"""Pretty Sadie McKee""",53,1933,,,,2025-06-17T03:48:03.914138,2025-06-20T22:39:22.448143,
252,Quality,90,1946,,,,2025-06-17T03:48:03.914138,2025-06-17T03:48:03.914138,
257,"""Quarantine"" and ""Some Like Em Cold""",94,,,,,2025-06-17T03:48:03.914138,2025-06-18T04:03:23.260718,co-writer Edward Anhalt
1,Ramona,1,1884,,,,2025-06-17T03:48:03.914138,2025-06-17T03:48:03.914138,
20,Rebecca of Sunnybrook Farm,13,1903,,,,2025-06-17T03:48:03.914138,2025-06-17T03:48:03.914138,
341,Redhead,142,1933,,,,2025-06-18T15:46:53.208207,2025-06-20T21:02:58.094921,
178,Red-Headed Woman,63,1931,,,,2025-06-17T03:48:03.914138,2025-06-20T22:22:56.461292,
374,Remorse,41,,,,,2025-06-19T17:59:57.574093,2025-06-19T17:59:57.574093,
351,Richard,145,1922,,,,2025-06-18T15:50:05.960303,2025-06-20T21:02:58.249198,
242,Ride the Pink Horse,78,1946,,,,2025-06-17T03:48:03.914138,2025-06-20T23:16:34.415108,
316,Roaming Lady,125,1933,,,,2025-06-18T15:27:13.07822,2025-06-20T23:50:48.903727,
103,Roles,39,1924,,,,2025-06-17T03:48:03.914138,2025-06-20T22:10:29.78139,
437,Romance of a Million Dollars,196,,,,,2025-06-23T01:04:47.210496,2025-06-23T01:04:47.210496,
419,"""Rosa Alvaro, Entrante""",183,1919,,,,2025-06-19T19:52:27.328338,2025-06-21T00:22:19.219894,
292,Rosalie's Career,57,,,,,2025-06-18T14:21:28.040821,2025-06-18T14:21:28.040821,
143,"""Roulette""",25,1922,,,,2025-06-17T03:48:03.914138,2025-06-17T03:48:03.914138,
472,Sacajawea of the Shoshones,211,,,,,2025-06-24T13:56:55.436765,2025-06-24T13:56:55.436765,
122,"""Sadie of the Desert""",48,1925,,,,2025-06-17T03:48:03.914138,2025-06-17T03:48:03.914138,
141,Sally's Shoulders,49,1927,,,,2025-06-17T03:48:03.914138,2025-06-17T03:48:03.914138,
113,Salome of the Tenements,36,1923,,,,2025-06-17T03:48:03.914138,2025-06-17T03:48:03.914138,
105,Sandra,31,1924,,,,2025-06-17T03:48:03.914138,2025-06-20T21:02:53.207106,
125,Sandy,46,1926,,,,2025-06-17T03:48:03.914138,2025-06-17T03:48:03.914138,
41,Sandy,5,1905,,,,2025-06-17T03:48:03.914138,2025-06-17T03:48:03.914138,
362,Sara Crewe,3,1891,,,,2025-06-18T16:26:19.495342,2025-06-20T21:02:58.46668,
237,Saratoga Trunk,40,1941,,,,2025-06-17T03:48:03.914138,2025-06-20T23:13:11.067901,
356,Satan Never Sleeps,146,1962,,,,2025-06-18T16:21:09.473982,2025-06-20T21:03:01.893917,
184,Scotch Valley,48,1927,,,,2025-06-17T03:48:03.914138,2025-06-17T03:48:03.914138,
255,"""Second Chance""",57,1948,,,,2025-06-17T03:48:03.914138,2025-06-20T23:19:57.100831,
157,Second Choice,39,1928,,,,2025-06-17T03:48:03.914138,2025-06-20T22:18:57.037518,
269,See How They Run,100,1951,,,,2025-06-17T03:48:03.914138,2025-06-17T03:48:03.914138,
149,"""Sheba""",53,,,,,2025-06-17T03:48:03.914138,2025-06-20T22:17:16.850644,
200,"""She Married Her Boss""",66,,,,,2025-06-17T03:48:03.914138,2025-06-17T03:48:03.914138,
403,She Was a Lady,170,1934,,,,2025-06-19T19:37:26.244906,2025-06-20T21:03:01.656616,
208,"short story in Red Book Magazine, possibly titled ""Wings Over Honolulu""",48,,,,,2025-06-17T03:48:03.914138,2025-06-20T22:49:55.766716,
145,Show Boat,40,1926,,,,2025-06-17T03:48:03.914138,2025-06-17T03:48:03.914138,
90,"""Singed Wings""",32,,,,,2025-06-17T03:48:03.914138,2025-06-17T03:48:03.914138,
213,"""Sister Act""",25,1937,,,,2025-06-17T03:48:03.914138,2025-06-17T03:48:03.914138,
180,Skyscraper,57,1931,,,,2025-06-17T03:48:03.914138,2025-06-20T22:26:50.010637,
271,Snips and Snails,102,1953,,,,2025-06-17T03:48:03.914138,2025-06-20T21:02:55.704294,
81,"""Snowblind""",32,1920,,,,2025-06-17T03:48:03.914138,2025-06-17T03:48:03.914138,
100,So Big,40,1924,,,,2025-06-17T03:48:03.914138,2025-06-17T03:48:03.914138,
330,Sonny,134,1923,,,,2025-06-18T15:35:38.272651,2025-06-20T21:02:57.580765,
202,"""Spinster Dinner""",57,1934,,,,2025-06-17T03:48:03.914138,2025-06-20T22:44:55.581151,
375,Splurge,41,1924,,,,2025-06-19T17:59:57.574093,2025-06-21T00:08:43.279756,
340,Spring Fever,141,,,,,2025-06-18T15:46:18.48074,2025-06-18T15:46:18.48074,co-writer Katherien Pinkerton
76,Star-Dust,25,1919,,,,2025-06-17T03:48:03.914138,2025-06-17T03:48:03.914138,
112,Stella Dallas,45,1923,,,,2025-06-17T03:48:03.914138,2025-06-20T21:02:53.281211,
476,St. Elmo,215,,,,,2025-06-24T13:58:34.257963,2025-06-24T13:58:34.257963,
331,Stopover,135,1951,,,,2025-06-18T15:36:09.554566,2025-06-20T21:02:57.654022,
57,Storm Country Polly,4,1920,,,,2025-06-17T03:48:03.914138,2025-06-17T03:48:03.914138,
164,Strangers May Kiss,56,1933,,,,2025-06-17T03:48:03.914138,2025-06-20T21:02:54.233874,
389,Suburbs,59,,,,,2025-06-19T18:08:48.946603,2025-06-19T18:08:48.946603,
359,Suicide Bridge,149,,,,,2025-06-18T16:22:53.727195,2025-06-18T16:22:53.727195,
411,Summer Lightning,176,1949,,,,2025-06-19T19:44:05.547956,2025-06-20T21:02:59.654993,
117,"""Summoned""",32,1923,,,,2025-06-17T03:48:03.914138,2025-06-17T03:48:03.914138,
263,Take Care of My Little Girl,87,1950,,,,2025-06-17T03:48:03.914138,2025-06-20T21:02:55.625793,
276,Tammy Out of Time,90,1948,,,,2025-06-17T03:48:03.914138,2025-06-17T03:48:03.914138,
474,Tenth Avenue Angel,213,,,,,2025-06-24T13:57:45.32645,2025-06-24T13:57:45.32645,
5,Tess of the Storm Country,4,1909,,,,2025-06-17T03:48:03.914138,2025-06-17T03:48:03.914138,
285,Thanks God! I'll Take It From Here,73,,,,,2025-06-18T03:59:27.863428,2025-06-18T03:59:27.863428,"Jane Shore writing as Jane Allen, co-writer Mae Livingston"
243,That Hagen Girl,86,1946,,,,2025-06-17T03:48:03.914138,2025-06-17T03:48:03.914138,
96,That Lass O' Lowrie's,3,1877,,,,2025-06-17T03:48:03.914138,2025-06-20T22:06:44.09417,
321,The Adventures of a Ready Letter Writer,128,1920,,,,2025-06-18T15:30:56.813333,2025-06-20T23:53:16.2832,
106,The Age of Innocence,22,1920,,,,2025-06-17T03:48:03.914138,2025-06-17T03:48:03.914138,
287,The Avalanche: A Mystery Story,16,1919,,,,2025-06-18T04:06:15.877426,2025-06-20T23:41:50.194575,
16,The Awakening of Helena Richie,9,1906,,,,2025-06-17T03:48:03.914138,2025-06-17T03:48:03.914138,
38,The Bargain True,21,1918,,,,2025-06-17T03:48:03.914138,2025-06-17T03:48:03.914138,
183,"""The Beachcomber""",48,1932,,,,2025-06-17T03:48:03.914138,2025-06-20T22:38:03.119055,
458,The Big Little Person,204,,,,,2025-06-24T13:50:39.670118,2025-06-24T13:50:39.670118,
352,The Big Wave,146,1948,,,,2025-06-18T16:21:09.473982,2025-06-21T00:01:57.594752,
249,The Blank Wall,67,1947,,,,2025-06-17T03:48:03.914138,2025-06-20T21:02:55.38635,
48,"""The Bramble Bush""",21,1914,,,,2025-06-17T03:48:03.914138,2025-06-17T03:48:03.914138,
68,The Branding Iron,32,1919,,,,2025-06-17T03:48:03.914138,2025-06-17T03:48:03.914138,
201,"""The Bride Comes Home""",67,1935,,,,2025-06-17T03:48:03.914138,2025-06-20T22:44:05.138396,
74,The Charm School,24,1919,,,,2025-06-17T03:48:03.914138,2025-06-17T03:48:03.914138,
7,The Circular Staircase,6,1908,,,,2025-06-17T03:48:03.914138,2025-06-20T21:02:52.435543,
21,The Courage of the Commonplace,14,1911,,,,2025-06-17T03:48:03.914138,2025-06-20T21:02:52.598813,
133,The Crystal Cup,16,1925,,,,2025-06-17T03:48:03.914138,2025-06-20T22:15:15.169252,
84,"""The Cynic Effect""",21,1920,,,,2025-06-17T03:48:03.914138,2025-06-17T03:48:03.914138,
256,"The Damned Don't Cry/""Case History""",93,,,,,2025-06-17T03:48:03.914138,2025-06-17T03:48:03.914138,
427,The Daredevil,189,,,,,2025-06-23T00:59:23.907005,2025-06-23T00:59:23.907005,
360,The Dawn of a Tomorrow,3,1906,,,,2025-06-18T16:26:19.495342,2025-06-21T00:04:08.470061,
475,The Day They Gave Babies Away,214,,,,,2025-06-24T13:58:10.356948,2025-06-24T13:58:10.356948,
408,The Dear Pretender,173,1924,,,,2025-06-19T19:41:14.458682,2025-06-20T21:02:59.51145,
177,The Devil's Lottery,21,1931,,,,2025-06-17T03:48:03.914138,2025-06-17T03:48:03.914138,
253,The Doctor Wears Three Faces,91,1949,,,,2025-06-17T03:48:03.914138,2025-06-20T23:18:58.191566,
160,The Dude Wrangler,10,1921,,,,2025-06-17T03:48:03.914138,2025-06-17T03:48:03.914138,
396,The Eagle's Mate,166,1920,,,,2025-06-19T19:32:27.509979,2025-06-20T21:02:59.221246,
433,The Eleventh Virgin,193,,,,,2025-06-23T01:02:15.470205,2025-06-23T01:02:15.470205,
266,"""The Enemy""",85,1951,,,,2025-06-17T03:48:03.914138,2025-06-20T23:24:02.165224,
400,The Enemy,168,1915,,,,2025-06-19T19:35:20.353074,2025-06-20T21:03:01.567527,
377,The Eternal Masculine,154,,,,,2025-06-19T18:01:09.399678,2025-06-19T18:01:09.399678,
227,The Fallen Sparrow,78,1942,,,,2025-06-17T03:48:03.914138,2025-06-20T23:09:44.478888,
159,"""The Feeder""",48,1926,,,,2025-06-17T03:48:03.914138,2025-06-20T22:19:34.130302,
449,The Fighting Blade,199,,,,,2025-06-23T01:15:47.859857,2025-06-23T01:15:47.859857,
70,The Fighting Sherpherdess,10,1919,,,,2025-06-17T03:48:03.914138,2025-06-17T03:48:03.914138,
39,The Firefly of France,23,1918,,,,2025-06-17T03:48:03.914138,2025-06-20T21:58:25.474409,
127,The Flapper Wife,49,1915,,,,2025-06-17T03:48:03.914138,2025-06-17T03:48:03.914138,
405,The Forbidden Woman,172,,,,,2025-06-19T19:40:21.503879,2025-06-19T19:40:21.503879,
322,The Fortieth Door,129,1920,,,,2025-06-18T15:32:15.721667,2025-06-20T23:53:48.481149,
289,"""The Ghost of Rosy Taylor""",110,1917,,,,2025-06-18T14:12:28.071702,2025-06-20T23:43:42.820644,
398,The Girl of Gold,166,1920,,,,2025-06-19T19:32:27.509979,2025-06-21T00:17:39.239949,co-writer Cleveland Moffatt
66,The Girl Who Lived in the Woods,29,1910,,,,2025-06-17T03:48:03.914138,2025-06-17T03:48:03.914138,
93,The Glimpses of the Moon,22,1922,,,,2025-06-17T03:48:03.914138,2025-06-20T21:02:53.053728,
428,The Golden Bird,189,,,,,2025-06-23T00:59:23.907005,2025-06-23T00:59:23.907005,
415,The Golden Cocoon,180,1924,,,,2025-06-19T19:50:32.852914,2025-06-20T21:02:59.82031,
355,The Good Earth,146,1947,,,,2025-06-18T16:21:09.473982,2025-06-20T21:03:01.349323,
86,"""The Good Provider""",25,1914,,,,2025-06-17T03:48:03.914138,2025-06-17T03:48:03.914138,
290,The Gossamer World,57,1948,,,,2025-06-18T14:21:28.040821,2025-06-20T23:44:39.549233,
196,"""The Great God Four-Flush""",43,1923,,,,2025-06-17T03:48:03.914138,2025-06-17T03:48:03.914138,
65,The Guests of Hercules,7,1912,,,,2025-06-17T03:48:03.914138,2025-06-17T03:48:03.914138,
278,The Hanging Tree,105,1957,,,,2025-06-17T03:48:03.914138,2025-06-17T03:48:03.914138,
69,The Happy Family,33,1910,,,,2025-06-17T03:48:03.914138,2025-06-17T03:48:03.914138,
293,The Harbor Road,111,1919,,,,2025-06-18T15:05:55.566171,2025-06-20T21:02:56.072268,
132,The Harvester,12,1911,,,,2025-06-17T03:48:03.914138,2025-06-17T03:48:03.914138,
146,"""The Haunted Lady""",43,1925,,,,2025-06-17T03:48:03.914138,2025-06-17T03:48:03.914138,
378,The Home-Maker,154,1924,,,,2025-06-19T18:01:09.399678,2025-06-20T21:03:01.423674,
35,The House of Mirth,22,1905,,,,2025-06-17T03:48:03.914138,2025-06-17T03:48:03.914138,
9,The House of the Lost Court,7,1908,,,,2025-06-17T03:48:03.914138,2025-06-17T03:48:03.914138,
444,The Human Side,53,,,,,2025-06-23T01:09:40.491456,2025-06-23T01:09:40.491456,
67,The Incubus,29,1915,,,,2025-06-17T03:48:03.914138,2025-06-17T03:48:03.914138,
334,The Invisible Host,136,1930,,,,2025-06-18T15:37:36.359624,2025-06-20T21:02:57.798457,co-writer Bruce Manning
15,The Iron Woman,9,1911,,,,2025-06-17T03:48:03.914138,2025-06-17T03:48:03.914138,
111,The Keeper of the Bees,12,1925,,,,2025-06-17T03:48:03.914138,2025-06-17T03:48:03.914138,
417,The Lamplighter,181,1854,,,,2025-06-19T19:51:34.655665,2025-06-20T21:03:00.193087,
401,The Last Gentleman,169,,,,,2025-06-19T19:36:43.489894,2025-06-19T19:36:43.489894,
98,"""The Leopardess""",32,1923,,,,2025-06-17T03:48:03.914138,2025-06-20T22:07:59.574641,
44,The Life Mask,7,1913,,,,2025-06-17T03:48:03.914138,2025-06-17T03:48:03.914138,
272,"""The Life of Lucy Gallant/""""The Longest Day of the Year""""""",103,1953,,,,2025-06-17T03:48:03.914138,2025-06-17T03:48:03.914138,
431,The Little Chevalier,191,,,,,2025-06-23T01:00:55.110513,2025-06-23T01:00:55.110513,
142,The Little Yellow House,49,1928,,,,2025-06-17T03:48:03.914138,2025-06-17T03:48:03.914138,
55,"""The Love Call""",29,,,,,2025-06-17T03:48:03.914138,2025-06-17T03:48:03.914138,
250,The Lucky Stiff,82,1947,,,,2025-06-17T03:48:03.914138,2025-06-20T21:02:55.473927,
131,The Magic Garden,12,1927,,,,2025-06-17T03:48:03.914138,2025-06-17T03:48:03.914138,
414,The Magnificent Bastards,179,1954,,,,2025-06-19T19:47:35.132249,2025-06-20T21:02:59.731211,
17,The Man from the Bitter Roots,10,1915,,,,2025-06-17T03:48:03.914138,2025-06-17T03:48:03.914138,
455,The Marble Forest,202,,,,,2025-06-23T01:18:32.768474,2025-06-23T01:18:32.768474,
264,The Member of the Wedding,98,1946,,,,2025-06-17T03:48:03.914138,2025-06-17T03:48:03.914138,
329,The Message of the Lilies,132,,,,,2025-06-18T15:35:08.046664,2025-06-18T15:35:08.046664,
205,The Moon's Our Home,57,1936,,,,2025-06-17T03:48:03.914138,2025-06-23T02:41:30.888374,
190,The Murder of Steven Kester,64,1933,,,,2025-06-17T03:48:03.914138,2025-06-20T21:02:54.486045,
318,The Music Lovers,126,1937,,,,2025-06-18T15:28:26.388459,2025-06-20T21:02:57.124517,co-writer Barbara Von Meck
463,The Mystery of Hunting's End,205,,,,,2025-06-24T13:52:38.20728,2025-06-24T13:52:38.20728,
97,"""The Nth Commandment""",25,1916,,,,2025-06-17T03:48:03.914138,2025-06-17T03:48:03.914138,
309,The Nurse's Story: In Which Reality Meets Romance,121,1915,,,,2025-06-18T15:19:08.964046,2025-06-20T21:03:01.277818,
154,The Office Wife,57,1929,,,,2025-06-17T03:48:03.914138,2025-06-23T02:15:48.200917,
217,The Old Maid: The Fifties,22,1924,,,,2025-06-17T03:48:03.914138,2025-06-20T22:59:47.681436,
369,The Open Shutters: A Novel,150,1906,,,,2025-06-18T16:27:58.223446,2025-06-21T00:05:17.988608,
394,The Other Side of the Door,164,1909,,,,2025-06-19T19:30:30.766111,2025-06-20T21:02:59.141359,
432,The Other Woman,192,,,,,2025-06-23T01:01:19.748729,2025-06-23T01:01:19.748729,
323,The Palace of Darkened Windows,129,1914,,,,2025-06-18T15:32:15.721667,2025-06-20T21:02:57.274345,
464,The Patient in Room 18,205,,,,,2025-06-24T13:52:38.20728,2025-06-24T13:52:38.20728,
118,The Pearl of Orr's Island,2,1862,,,,2025-06-17T03:48:03.914138,2025-06-17T03:48:03.914138,
134,The Perch of the Devil,16,1914,,,,2025-06-17T03:48:03.914138,2025-06-20T22:16:19.425883,
53,"""The Petal on the Current""",25,1918,,,,2025-06-17T03:48:03.914138,2025-06-17T03:48:03.914138,
14,The Place Beyond the Winds,8,1914,,,,2025-06-17T03:48:03.914138,2025-06-17T03:48:03.914138,
409,The Power and the Glory,174,1910,,,,2025-06-19T19:42:04.18242,2025-06-20T21:02:59.589181,
8,The Pretty Sister of Jose,3,1889,,,,2025-06-17T03:48:03.914138,2025-06-20T21:19:17.290493,
29,The Primrose Ring,18,1915,,,,2025-06-17T03:48:03.914138,2025-06-17T03:48:03.914138,
155,The Princess and the Plumber,24,1929,,,,2025-06-17T03:48:03.914138,2025-06-17T03:48:03.914138,
139,"""The Red-Headed Husband""",32,1926,,,,2025-06-17T03:48:03.914138,2025-06-17T03:48:03.914138,
274,There's Always Tomorrow,56,,,,,2025-06-17T03:48:03.914138,2025-06-17T03:48:03.914138,
421,The Revelations of a Woman's Heart,185,,,,,2025-06-23T00:54:08.06502,2025-06-23T00:54:08.06502,
446,The Rich Full Life,53,,,,,2025-06-23T01:09:40.491456,2025-06-23T01:09:40.491456,
30,The Rise of Jennie Cushing,19,1914,,,,2025-06-17T03:48:03.914138,2025-06-17T03:48:03.914138,
27,The Rose-Garden Husband,17,1915,,,,2025-06-17T03:48:03.914138,2025-06-17T03:48:03.914138,
306,The Sainted Sisters of Sandy Creek,117,1935,,,,2025-06-18T15:16:23.880944,2025-06-20T23:48:55.206506,
335,The Scorching Way,137,,,,,2025-06-18T15:38:17.935861,2025-06-18T15:38:17.935861,
386,The Sea Around Us,161,1954,,,,2025-06-19T18:06:18.328893,2025-06-20T21:03:00.113602,
77,The Second Latchkey,7,1920,,,,2025-06-17T03:48:03.914138,2025-06-17T03:48:03.914138,
364,The Secret Garden,3,1913,,,,2025-06-18T16:26:19.495342,2025-06-20T21:02:58.617113,
402,These Days,169,1928,,,,2025-06-19T19:36:43.489894,2025-06-20T21:02:59.371964,
95,"""The Self-Made Wife""",39,1922,,,,2025-06-17T03:48:03.914138,2025-06-20T22:05:51.877203,
12,The Shop Girl,7,1916,,,,2025-06-17T03:48:03.914138,2025-06-17T03:48:03.914138,
365,The Shuttle,3,1908,,,,2025-06-18T16:26:19.495342,2025-06-20T21:02:58.698133,
147,The Single Standard,43,1928,,,,2025-06-17T03:48:03.914138,2025-06-17T03:48:03.914138,
123,The Skyrocket,43,1925,,,,2025-06-17T03:48:03.914138,2025-06-17T03:48:03.914138,
471,The Studio Murder Mystery,210,,,,,2025-06-24T13:56:18.057321,2025-06-24T13:56:18.057321,co-writer Arlo C. Edington
315,The Substance of His House,124,1914,,,,2025-06-18T15:26:45.671941,2025-06-20T21:02:56.969812,
294,The Taming of Zenas Henry,111,1915,,,,2025-06-18T15:05:55.566171,2025-06-20T21:02:56.138631,
110,The Tenth Woman,8,1923,,,,2025-06-17T03:48:03.914138,2025-06-17T03:48:03.914138,
36,The Three Things,14,1917,,,,2025-06-17T03:48:03.914138,2025-06-20T21:02:52.758366,
438,The Tiger's Coat,196,,,,,2025-06-23T01:04:47.210496,2025-06-23T01:04:47.210496,
393,"""The Underside""",164,1917,,,,2025-06-19T19:30:30.766111,2025-06-21T00:16:35.546354,
241,The Unsuspected,85,1945,,,,2025-06-17T03:48:03.914138,2025-06-17T03:48:03.914138,
426,The Valley of Decision,188,,,,,2025-06-23T00:58:01.182186,2025-06-23T00:58:01.182186,
223,The Vanishing Virginian,75,1940,,,,2025-06-17T03:48:03.914138,2025-06-17T03:48:03.914138,
33,"""The Vanity Pool""",21,,,,,2025-06-17T03:48:03.914138,2025-06-17T03:48:03.914138,
466,The Velvet Fleece,206,,,,,2025-06-24T13:53:18.545852,2025-06-24T13:53:18.545852,co-writer John C. Fleming
478,The Way of a Maid with a Man,216,,,,,2025-06-24T13:59:22.265591,2025-06-24T13:59:22.265591,
231,The White Cliffs,24,1940,,,,2025-06-17T03:48:03.914138,2025-06-17T03:48:03.914138,
465,The White Cockatoo,205,,,,,2025-06-24T13:52:38.20728,2025-06-24T13:52:38.20728,
54,The Wishing Ring Man,17,1917,,,,2025-06-17T03:48:03.914138,2025-06-17T03:48:03.914138,
13,The Woman Who Dared,7,1903,,,,2025-06-17T03:48:03.914138,2025-06-17T03:48:03.914138,
152,"""The Woman Who Was Forgotten""",55,1926,,,,2025-06-17T03:48:03.914138,2025-06-17T03:48:03.914138,
108,"""The Worst Woman in Hollywood""",43,1924,,,,2025-06-17T03:48:03.914138,2025-06-17T03:48:03.914138,
457,They Call It Sin,203,,,,,2025-06-24T13:50:18.892742,2025-06-24T13:50:18.892742,
240,The Yearling,84,1938,,,,2025-06-17T03:48:03.914138,2025-06-17T03:48:03.914138,
435,The Youngest Profession,194,,,,,2025-06-23T01:03:22.511094,2025-06-23T01:03:22.511094,
420,The Young Widow,184,1942,,,,2025-06-19T19:52:55.004119,2025-06-21T00:22:48.60698,
199,"""Thin Air""",48,1934,,,,2025-06-17T03:48:03.914138,2025-06-17T03:48:03.914138,
261,Three Came Home,96,1948,,,,2025-06-17T03:48:03.914138,2025-06-17T03:48:03.914138,
357,Time is a Memory,147,,,,,2025-06-18T16:21:51.699343,2025-06-18T16:21:51.699343,
182,Tinfoil,48,,,,,2025-06-17T03:48:03.914138,2025-06-17T03:48:03.914138,
333,Tomorrow is Forever,136,1943,,,,2025-06-18T15:37:36.359624,2025-06-20T21:02:57.728485,
277,"Too Soon, Too Much",104,1957,,,,2025-06-17T03:48:03.914138,2025-06-20T23:27:10.954683,co-writer Gerold Frank
64,Tower of Ivory,16,1910,,,,2025-06-17T03:48:03.914138,2025-06-20T21:03:01.74195,
283,To You My Life,152,,,,,2025-06-18T03:51:36.897613,2025-06-18T03:51:36.897613,
3,Uncle Tom's Cabin,2,1852,,,,2025-06-17T03:48:03.914138,2025-06-17T03:48:03.914138,
327,Wake Up and Live,131,1936,,,,2025-06-18T15:33:56.898085,2025-06-20T23:54:23.427226,
144,Wallflowers,47,1927,,,,2025-06-17T03:48:03.914138,2025-06-17T03:48:03.914138,
171,Weekend Marriage,57,1932,,,,2025-06-17T03:48:03.914138,2025-06-20T22:21:02.774082,
406,Weep No More,172,1955,,,,2025-06-19T19:40:21.503879,2025-06-20T21:03:00.872135,
174,Westward Passage,62,1931,,,,2025-06-17T03:48:03.914138,2025-06-20T21:02:54.385335,
440,When Carey Came to Town,197,,,,,2025-06-23T01:06:39.716875,2025-06-23T01:06:39.716875,
130,"""When Love Grows Cold""",50,,,,,2025-06-17T03:48:03.914138,2025-06-23T04:01:44.098455,
300,"""Where the Heart Lies""",114,1922,,,,2025-06-18T15:12:31.696608,2025-06-20T23:47:12.671221,co-writer George Hubbard
452,Whitewashed Walls,200,,,,,2025-06-23T01:17:15.436258,2025-06-23T01:17:15.436258,co-writer James Dorrance
453,Who Knows?,200,,,,,2025-06-23T01:17:15.436258,2025-06-23T01:17:15.436258,co-writer James Dorrance
56,"""Whose Widow?""",30,1918,,,,2025-06-17T03:48:03.914138,2025-06-20T22:04:14.510398,
43,Why Not?,17,1915,,,,2025-06-17T03:48:03.914138,2025-06-17T03:48:03.914138,
194,Wicked Woman,65,1933,,,,2025-06-17T03:48:03.914138,2025-06-20T21:03:01.18329,
197,"""Wife vs. Secretary""",57,1935,,,,2025-06-17T03:48:03.914138,2025-06-20T22:41:53.474657,
312,Wild Calendar,122,1946,,,,2025-06-18T15:23:08.427358,2025-06-20T21:02:56.896723,
301,Without Compromise,114,1922,,,,2025-06-18T15:12:31.696608,2025-06-20T23:47:53.465384,co-writer George Hubbard
288,Woman Accused,16,1933,,,,2025-06-18T04:09:15.330871,2025-06-20T23:42:43.623272,"co-writers Vicki Baum, Vina Delmar, Sophie Kerr, and Ursula Parrott"
317,Yankee from Olympus,126,1944,,,,2025-06-18T15:28:26.388459,2025-06-20T21:02:57.044932,
376,Yesterday's Wife,41,1920,,,,2025-06-19T17:59:57.574093,2025-06-21T00:09:29.25628,
350,You Never Can Tell,144,1919,,,,2025-06-18T15:49:36.7694,2025-06-20T21:54:33.000781,
348,Young Man of Manhattan,63,1930,,,,2025-06-18T15:48:54.473886,2025-06-20T21:03:00.499512,
254,Young Man With a Horn,92,1949,,,,2025-06-17T03:48:03.914138,2025-06-20T21:02:55.550987,
